Name,RA,DEC
RandomGalaxy,149.7848750,2.0673917
RandomPointing,79.651702,-51.935266