Name,RA,DEC
J125525.007+032350.338,193.8541973,3.3973162
J235634.595+122958.255,359.1441474,12.4995154
J022245.783-010420.875,35.6907622,-1.0724654
